taskId,c_speed,c_factor_ETA_POLY(CP-d)(MM){EX},c_factor,label,o_overall_MRTP-MM(imp){IN},o_overall_ETA_ADIA(CP-d)(MM){EX},o_overall_PR(MM){EX},o_overall_ETA_POLY(CP-d)(MM){EX},o_overall_N/SQRT(T_local-av){IN},o_overall_MRTP-MM(imp){EX},o_core_MRTP-MM(imp){IN},o_core_ETA_ADIA(CP-d)(MM){EX},o_core_MRTP-MM(imp){EX},o_core_ETA_POLY(CP-d)(MM){EX},o_core_DELHOT-IMP(CP-d){EX},o_core_N/SQRT(T_local-av){IN},s_H01I_bl_param,s_H01I_distributions,s_rad_profile_H01II,s_rad_profile_H01ILE,s_rad_profile_H01ITE,s_rad_profile_H01IE,s_H01R_bl_param,s_H01R_distributions,s_rad_profile_H01RI,s_rad_profile_H01RLE,s_rad_profile_H01RTE,s_rad_profile_H01RE,s_H01S_bl_param,s_H01S_distributions,s_rad_profile_H01SI,s_rad_profile_H01SLE,s_rad_profile_H01STE,s_rad_profile_H01SE,s_H02R_bl_param,s_H02R_distributions,s_rad_profile_H02RI,s_rad_profile_H02RLE,s_rad_profile_H02RTE,s_rad_profile_H02RE,s_H02S_bl_param,s_H02S_distributions,s_rad_profile_H02SI,s_rad_profile_H02SLE,s_rad_profile_H02STE,s_rad_profile_H02SE,s_H03R_bl_param,s_H03R_distributions,s_rad_profile_H03RI,s_rad_profile_H03RLE,s_rad_profile_H03RTE,s_rad_profile_H03RE,s_H03S_bl_param,s_H03S_distributions,s_rad_profile_H03SI,s_rad_profile_H03SLE,s_rad_profile_H03STE,s_rad_profile_H03SE,s_H04R_bl_param,s_H04R_distributions,s_rad_profile_H04RI,s_rad_profile_H04RLE,s_rad_profile_H04RTE,s_rad_profile_H04RE,s_H04S_bl_param,s_H04S_distributions,s_rad_profile_H04SI,s_rad_profile_H04SLE,s_rad_profile_H04STE,s_rad_profile_H04SE,s_H05S_bl_param,s_H05S_distributions,s_rad_profile_H05SI,s_rad_profile_H05SLE,s_rad_profile_H05STE,s_rad_profile_H05SE
post_processing/pnt_000,92.5,1.033,1.033,speed 092.50 factor 1.033,108.187378,90.350563,4.32426,100,706.219543,108.640022,108.18721,100,31.362305,100,-0.137949,706.219727,post_processing/pnt_000/plcp_H01I_bl_param.csv,post_processing/pnt_000/plcp_H01I_distributions_A.csv,post_processing/pnt_000/rad_profile_H01II.csv,post_processing/pnt_000/rad_profile_H01ILE.csv,post_processing/pnt_000/rad_profile_H01ITE.csv,post_processing/pnt_000/rad_profile_H01IE.csv,post_processing/pnt_000/plcp_H01R_bl_param.csv,post_processing/pnt_000/plcp_H01R_distributions_A.csv,post_processing/pnt_000/rad_profile_H01RI.csv,post_processing/pnt_000/rad_profile_H01RLE.csv,post_processing/pnt_000/rad_profile_H01RTE.csv,post_processing/pnt_000/rad_profile_H01RE.csv,post_processing/pnt_000/plcp_H01S_bl_param.csv,post_processing/pnt_000/plcp_H01S_distributions_A.csv,post_processing/pnt_000/rad_profile_H01SI.csv,post_processing/pnt_000/rad_profile_H01SLE.csv,post_processing/pnt_000/rad_profile_H01STE.csv,post_processing/pnt_000/rad_profile_H01SE.csv,post_processing/pnt_000/plcp_H02R_bl_param.csv,post_processing/pnt_000/plcp_H02R_distributions_A.csv,post_processing/pnt_000/rad_profile_H02RI.csv,post_processing/pnt_000/rad_profile_H02RLE.csv,post_processing/pnt_000/rad_profile_H02RTE.csv,post_processing/pnt_000/rad_profile_H02RE.csv,post_processing/pnt_000/plcp_H02S_bl_param.csv,post_processing/pnt_000/plcp_H02S_distributions_A.csv,post_processing/pnt_000/rad_profile_H02SI.csv,post_processing/pnt_000/rad_profile_H02SLE.csv,post_processing/pnt_000/rad_profile_H02STE.csv,post_processing/pnt_000/rad_profile_H02SE.csv,post_processing/pnt_000/plcp_H03R_bl_param.csv,post_processing/pnt_000/plcp_H03R_distributions_A.csv,post_processing/pnt_000/rad_profile_H03RI.csv,post_processing/pnt_000/rad_profile_H03RLE.csv,post_processing/pnt_000/rad_profile_H03RTE.csv,post_processing/pnt_000/rad_profile_H03RE.csv,post_processing/pnt_000/plcp_H03S_bl_param.csv,post_processing/pnt_000/plcp_H03S_distributions_A.csv,post_processing/pnt_000/rad_profile_H03SI.csv,post_processing/pnt_000/rad_profile_H03SLE.csv,post_processing/pnt_000/rad_profile_H03STE.csv,post_processing/pnt_000/rad_profile_H03SE.csv,post_processing/pnt_000/plcp_H04R_bl_param.csv,post_processing/pnt_000/plcp_H04R_distributions_A.csv,post_processing/pnt_000/rad_profile_H04RI.csv,post_processing/pnt_000/rad_profile_H04RLE.csv,post_processing/pnt_000/rad_profile_H04RTE.csv,post_processing/pnt_000/rad_profile_H04RE.csv,post_processing/pnt_000/plcp_H04S_bl_param.csv,post_processing/pnt_000/plcp_H04S_distributions_A.csv,post_processing/pnt_000/rad_profile_H04SI.csv,post_processing/pnt_000/rad_profile_H04SLE.csv,post_processing/pnt_000/rad_profile_H04STE.csv,post_processing/pnt_000/rad_profile_H04SE.csv,post_processing/pnt_000/plcp_H05S_bl_param.csv,post_processing/pnt_000/plcp_H05S_distributions_A.csv,post_processing/pnt_000/rad_profile_H05SI.csv,post_processing/pnt_000/rad_profile_H05SLE.csv,post_processing/pnt_000/rad_profile_H05STE.csv,post_processing/pnt_000/rad_profile_H05SE.csv
post_processing/pnt_001,92.5,1.066,1.066,speed 092.50 factor 1.066,109.055679,90.276978,4.207302,100,706.219666,109.521614,109.055435,100,32.364216,100,-0.134909,706.219666,post_processing/pnt_001/plcp_H01I_bl_param.csv,post_processing/pnt_001/plcp_H01I_distributions.csv,post_processing/pnt_001/rad_profile_H01II.csv,post_processing/pnt_001/rad_profile_H01ILE.csv,post_processing/pnt_001/rad_profile_H01ITE.csv,post_processing/pnt_001/rad_profile_H01IE.csv,post_processing/pnt_001/plcp_H01R_bl_param.csv,post_processing/pnt_001/plcp_H01R_distributions.csv,post_processing/pnt_001/rad_profile_H01RI.csv,post_processing/pnt_001/rad_profile_H01RLE.csv,post_processing/pnt_001/rad_profile_H01RTE.csv,post_processing/pnt_001/rad_profile_H01RE.csv,post_processing/pnt_001/plcp_H01S_bl_param.csv,post_processing/pnt_001/plcp_H01S_distributions.csv,post_processing/pnt_001/rad_profile_H01SI.csv,post_processing/pnt_001/rad_profile_H01SLE.csv,post_processing/pnt_001/rad_profile_H01STE.csv,post_processing/pnt_001/rad_profile_H01SE.csv,post_processing/pnt_001/plcp_H02R_bl_param.csv,post_processing/pnt_001/plcp_H02R_distributions.csv,post_processing/pnt_001/rad_profile_H02RI.csv,post_processing/pnt_001/rad_profile_H02RLE.csv,post_processing/pnt_001/rad_profile_H02RTE.csv,post_processing/pnt_001/rad_profile_H02RE.csv,post_processing/pnt_001/plcp_H02S_bl_param.csv,post_processing/pnt_001/plcp_H02S_distributions.csv,post_processing/pnt_001/rad_profile_H02SI.csv,post_processing/pnt_001/rad_profile_H02SLE.csv,post_processing/pnt_001/rad_profile_H02STE.csv,post_processing/pnt_001/rad_profile_H02SE.csv,post_processing/pnt_001/plcp_H03R_bl_param.csv,post_processing/pnt_001/plcp_H03R_distributions.csv,post_processing/pnt_001/rad_profile_H03RI.csv,post_processing/pnt_001/rad_profile_H03RLE.csv,post_processing/pnt_001/rad_profile_H03RTE.csv,post_processing/pnt_001/rad_profile_H03RE.csv,post_processing/pnt_001/plcp_H03S_bl_param.csv,post_processing/pnt_001/plcp_H03S_distributions.csv,post_processing/pnt_001/rad_profile_H03SI.csv,post_processing/pnt_001/rad_profile_H03SLE.csv,post_processing/pnt_001/rad_profile_H03STE.csv,post_processing/pnt_001/rad_profile_H03SE.csv,post_processing/pnt_001/plcp_H04R_bl_param.csv,post_processing/pnt_001/plcp_H04R_distributions.csv,post_processing/pnt_001/rad_profile_H04RI.csv,post_processing/pnt_001/rad_profile_H04RLE.csv,post_processing/pnt_001/rad_profile_H04RTE.csv,post_processing/pnt_001/rad_profile_H04RE.csv,post_processing/pnt_001/plcp_H04S_bl_param.csv,post_processing/pnt_001/plcp_H04S_distributions.csv,post_processing/pnt_001/rad_profile_H04SI.csv,post_processing/pnt_001/rad_profile_H04SLE.csv,post_processing/pnt_001/rad_profile_H04STE.csv,post_processing/pnt_001/rad_profile_H04SE.csv,post_processing/pnt_001/plcp_H05S_bl_param.csv,post_processing/pnt_001/plcp_H05S_distributions.csv,post_processing/pnt_001/rad_profile_H05SI.csv,post_processing/pnt_001/rad_profile_H05SLE.csv,post_processing/pnt_001/rad_profile_H05STE.csv,post_processing/pnt_001/rad_profile_H05SE.csv
post_processing/pnt_002,92.5,1.1,1.1,speed 092.50 factor 1.100,109.766571,90.138206,4.086815,100,706.219604,110.244682,109.766418,100,33.395721,100,-0.131798,706.219604,post_processing/pnt_002/plcp_H01I_bl_param.csv,post_processing/pnt_002/plcp_H01I_distributions.csv,post_processing/pnt_002/rad_profile_H01II.csv,post_processing/pnt_002/rad_profile_H01ILE.csv,post_processing/pnt_002/rad_profile_H01ITE.csv,post_processing/pnt_002/rad_profile_H01IE.csv,post_processing/pnt_002/plcp_H01R_bl_param.csv,post_processing/pnt_002/plcp_H01R_distributions.csv,post_processing/pnt_002/rad_profile_H01RI.csv,post_processing/pnt_002/rad_profile_H01RLE.csv,post_processing/pnt_002/rad_profile_H01RTE.csv,post_processing/pnt_002/rad_profile_H01RE.csv,post_processing/pnt_002/plcp_H01S_bl_param.csv,post_processing/pnt_002/plcp_H01S_distributions.csv,post_processing/pnt_002/rad_profile_H01SI.csv,post_processing/pnt_002/rad_profile_H01SLE.csv,post_processing/pnt_002/rad_profile_H01STE.csv,post_processing/pnt_002/rad_profile_H01SE.csv,post_processing/pnt_002/plcp_H02R_bl_param.csv,post_processing/pnt_002/plcp_H02R_distributions.csv,post_processing/pnt_002/rad_profile_H02RI.csv,post_processing/pnt_002/rad_profile_H02RLE.csv,post_processing/pnt_002/rad_profile_H02RTE.csv,post_processing/pnt_002/rad_profile_H02RE.csv,post_processing/pnt_002/plcp_H02S_bl_param.csv,post_processing/pnt_002/plcp_H02S_distributions.csv,post_processing/pnt_002/rad_profile_H02SI.csv,post_processing/pnt_002/rad_profile_H02SLE.csv,post_processing/pnt_002/rad_profile_H02STE.csv,post_processing/pnt_002/rad_profile_H02SE.csv,post_processing/pnt_002/plcp_H03R_bl_param.csv,post_processing/pnt_002/plcp_H03R_distributions.csv,post_processing/pnt_002/rad_profile_H03RI.csv,post_processing/pnt_002/rad_profile_H03RLE.csv,post_processing/pnt_002/rad_profile_H03RTE.csv,post_processing/pnt_002/rad_profile_H03RE.csv,post_processing/pnt_002/plcp_H03S_bl_param.csv,post_processing/pnt_002/plcp_H03S_distributions.csv,post_processing/pnt_002/rad_profile_H03SI.csv,post_processing/pnt_002/rad_profile_H03SLE.csv,post_processing/pnt_002/rad_profile_H03STE.csv,post_processing/pnt_002/rad_profile_H03SE.csv,post_processing/pnt_002/plcp_H04R_bl_param.csv,post_processing/pnt_002/plcp_H04R_distributions.csv,post_processing/pnt_002/rad_profile_H04RI.csv,post_processing/pnt_002/rad_profile_H04RLE.csv,post_processing/pnt_002/rad_profile_H04RTE.csv,post_processing/pnt_002/rad_profile_H04RE.csv,post_processing/pnt_002/plcp_H04S_bl_param.csv,post_processing/pnt_002/plcp_H04S_distributions.csv,post_processing/pnt_002/rad_profile_H04SI.csv,post_processing/pnt_002/rad_profile_H04SLE.csv,post_processing/pnt_002/rad_profile_H04STE.csv,post_processing/pnt_002/rad_profile_H04SE.csv,post_processing/pnt_002/plcp_H05S_bl_param.csv,post_processing/pnt_002/plcp_H05S_distributions.csv,post_processing/pnt_002/rad_profile_H05SI.csv,post_processing/pnt_002/rad_profile_H05SLE.csv,post_processing/pnt_002/rad_profile_H05STE.csv,post_processing/pnt_002/rad_profile_H05SE.csv
post_processing/pnt_003,95,0.958,0.958,speed 095.00 factor 0.958,106.679939,87.041672,4.727512,100,725.2854,106.878639,106.679749,100,29.081436,100,-0.154004,725.2854,post_processing/pnt_003/plcp_H01I_bl_param.csv,post_processing/pnt_003/plcp_H01I_distributions.csv,post_processing/pnt_003/rad_profile_H01II.csv,post_processing/pnt_003/rad_profile_H01ILE.csv,post_processing/pnt_003/rad_profile_H01ITE.csv,post_processing/pnt_003/rad_profile_H01IE.csv,post_processing/pnt_003/plcp_H01R_bl_param.csv,post_processing/pnt_003/plcp_H01R_distributions.csv,post_processing/pnt_003/rad_profile_H01RI.csv,post_processing/pnt_003/rad_profile_H01RLE.csv,post_processing/pnt_003/rad_profile_H01RTE.csv,post_processing/pnt_003/rad_profile_H01RE.csv,post_processing/pnt_003/plcp_H01S_bl_param.csv,post_processing/pnt_003/plcp_H01S_distributions.csv,post_processing/pnt_003/rad_profile_H01SI.csv,post_processing/pnt_003/rad_profile_H01SLE.csv,post_processing/pnt_003/rad_profile_H01STE.csv,post_processing/pnt_003/rad_profile_H01SE.csv,post_processing/pnt_003/plcp_H02R_bl_param.csv,post_processing/pnt_003/plcp_H02R_distributions.csv,post_processing/pnt_003/rad_profile_H02RI.csv,post_processing/pnt_003/rad_profile_H02RLE.csv,post_processing/pnt_003/rad_profile_H02RTE.csv,post_processing/pnt_003/rad_profile_H02RE.csv,post_processing/pnt_003/plcp_H02S_bl_param.csv,post_processing/pnt_003/plcp_H02S_distributions.csv,post_processing/pnt_003/rad_profile_H02SI.csv,post_processing/pnt_003/rad_profile_H02SLE.csv,post_processing/pnt_003/rad_profile_H02STE.csv,post_processing/pnt_003/rad_profile_H02SE.csv,post_processing/pnt_003/plcp_H03R_bl_param.csv,post_processing/pnt_003/plcp_H03R_distributions.csv,post_processing/pnt_003/rad_profile_H03RI.csv,post_processing/pnt_003/rad_profile_H03RLE.csv,post_processing/pnt_003/rad_profile_H03RTE.csv,post_processing/pnt_003/rad_profile_H03RE.csv,post_processing/pnt_003/plcp_H03S_bl_param.csv,post_processing/pnt_003/plcp_H03S_distributions.csv,post_processing/pnt_003/rad_profile_H03SI.csv,post_processing/pnt_003/rad_profile_H03SLE.csv,post_processing/pnt_003/rad_profile_H03STE.csv,post_processing/pnt_003/rad_profile_H03SE.csv,post_processing/pnt_003/plcp_H04R_bl_param.csv,post_processing/pnt_003/plcp_H04R_distributions.csv,post_processing/pnt_003/rad_profile_H04RI.csv,post_processing/pnt_003/rad_profile_H04RLE.csv,post_processing/pnt_003/rad_profile_H04RTE.csv,post_processing/pnt_003/rad_profile_H04RE.csv,post_processing/pnt_003/plcp_H04S_bl_param.csv,post_processing/pnt_003/plcp_H04S_distributions.csv,post_processing/pnt_003/rad_profile_H04SI.csv,post_processing/pnt_003/rad_profile_H04SLE.csv,post_processing/pnt_003/rad_profile_H04STE.csv,post_processing/pnt_003/rad_profile_H04SE.csv,post_processing/pnt_003/plcp_H05S_bl_param.csv,post_processing/pnt_003/plcp_H05S_distributions.csv,post_processing/pnt_003/rad_profile_H05SI.csv,post_processing/pnt_003/rad_profile_H05SLE.csv,post_processing/pnt_003/rad_profile_H05STE.csv,post_processing/pnt_003/rad_profile_H05SE.csv
post_processing/pnt_004,95,0.966,0.966,speed 095.00 factor 0.966,110.680107,89.755043,4.817474,100,725.305115,111.11248,110.679909,100,29.329641,100,-0.151599,725.304993,post_processing/pnt_004/plcp_H01I_bl_param.csv,post_processing/pnt_004/plcp_H01I_distributions.csv,post_processing/pnt_004/rad_profile_H01II.csv,post_processing/pnt_004/rad_profile_H01ILE.csv,post_processing/pnt_004/rad_profile_H01ITE.csv,post_processing/pnt_004/rad_profile_H01IE.csv,post_processing/pnt_004/plcp_H01R_bl_param.csv,post_processing/pnt_004/plcp_H01R_distributions.csv,post_processing/pnt_004/rad_profile_H01RI.csv,post_processing/pnt_004/rad_profile_H01RLE.csv,post_processing/pnt_004/rad_profile_H01RTE.csv,post_processing/pnt_004/rad_profile_H01RE.csv,post_processing/pnt_004/plcp_H01S_bl_param.csv,post_processing/pnt_004/plcp_H01S_distributions.csv,post_processing/pnt_004/rad_profile_H01SI.csv,post_processing/pnt_004/rad_profile_H01SLE.csv,post_processing/pnt_004/rad_profile_H01STE.csv,post_processing/pnt_004/rad_profile_H01SE.csv,post_processing/pnt_004/plcp_H02R_bl_param.csv,post_processing/pnt_004/plcp_H02R_distributions.csv,post_processing/pnt_004/rad_profile_H02RI.csv,post_processing/pnt_004/rad_profile_H02RLE.csv,post_processing/pnt_004/rad_profile_H02RTE.csv,post_processing/pnt_004/rad_profile_H02RE.csv,post_processing/pnt_004/plcp_H02S_bl_param.csv,post_processing/pnt_004/plcp_H02S_distributions.csv,post_processing/pnt_004/rad_profile_H02SI.csv,post_processing/pnt_004/rad_profile_H02SLE.csv,post_processing/pnt_004/rad_profile_H02STE.csv,post_processing/pnt_004/rad_profile_H02SE.csv,post_processing/pnt_004/plcp_H03R_bl_param.csv,post_processing/pnt_004/plcp_H03R_distributions.csv,post_processing/pnt_004/rad_profile_H03RI.csv,post_processing/pnt_004/rad_profile_H03RLE.csv,post_processing/pnt_004/rad_profile_H03RTE.csv,post_processing/pnt_004/rad_profile_H03RE.csv,post_processing/pnt_004/plcp_H03S_bl_param.csv,post_processing/pnt_004/plcp_H03S_distributions.csv,post_processing/pnt_004/rad_profile_H03SI.csv,post_processing/pnt_004/rad_profile_H03SLE.csv,post_processing/pnt_004/rad_profile_H03STE.csv,post_processing/pnt_004/rad_profile_H03SE.csv,post_processing/pnt_004/plcp_H04R_bl_param.csv,post_processing/pnt_004/plcp_H04R_distributions.csv,post_processing/pnt_004/rad_profile_H04RI.csv,post_processing/pnt_004/rad_profile_H04RLE.csv,post_processing/pnt_004/rad_profile_H04RTE.csv,post_processing/pnt_004/rad_profile_H04RE.csv,post_processing/pnt_004/plcp_H04S_bl_param.csv,post_processing/pnt_004/plcp_H04S_distributions.csv,post_processing/pnt_004/rad_profile_H04SI.csv,post_processing/pnt_004/rad_profile_H04SLE.csv,post_processing/pnt_004/rad_profile_H04STE.csv,post_processing/pnt_004/rad_profile_H04SE.csv,post_processing/pnt_004/plcp_H05S_bl_param.csv,post_processing/pnt_004/plcp_H05S_distributions.csv,post_processing/pnt_004/rad_profile_H05SI.csv,post_processing/pnt_004/rad_profile_H05SLE.csv,post_processing/pnt_004/rad_profile_H05STE.csv,post_processing/pnt_004/rad_profile_H05SE.csv
post_processing/pnt_005,95,1,1,speed 095.00 factor 1.000,112.350449,90.423668,4.697275,100,725.307251,112.875618,112.35022,100,30.361595,100,-0.147486,725.307373,post_processing/pnt_005/plcp_H01I_bl_param.csv,post_processing/pnt_005/plcp_H01I_distributions.csv,post_processing/pnt_005/rad_profile_H01II.csv,post_processing/pnt_005/rad_profile_H01ILE.csv,post_processing/pnt_005/rad_profile_H01ITE.csv,post_processing/pnt_005/rad_profile_H01IE.csv,post_processing/pnt_005/plcp_H01R_bl_param.csv,post_processing/pnt_005/plcp_H01R_distributions.csv,post_processing/pnt_005/rad_profile_H01RI.csv,post_processing/pnt_005/rad_profile_H01RLE.csv,post_processing/pnt_005/rad_profile_H01RTE.csv,post_processing/pnt_005/rad_profile_H01RE.csv,post_processing/pnt_005/plcp_H01S_bl_param.csv,post_processing/pnt_005/plcp_H01S_distributions.csv,post_processing/pnt_005/rad_profile_H01SI.csv,post_processing/pnt_005/rad_profile_H01SLE.csv,post_processing/pnt_005/rad_profile_H01STE.csv,post_processing/pnt_005/rad_profile_H01SE.csv,post_processing/pnt_005/plcp_H02R_bl_param.csv,post_processing/pnt_005/plcp_H02R_distributions.csv,post_processing/pnt_005/rad_profile_H02RI.csv,post_processing/pnt_005/rad_profile_H02RLE.csv,post_processing/pnt_005/rad_profile_H02RTE.csv,post_processing/pnt_005/rad_profile_H02RE.csv,post_processing/pnt_005/plcp_H02S_bl_param.csv,post_processing/pnt_005/plcp_H02S_distributions.csv,post_processing/pnt_005/rad_profile_H02SI.csv,post_processing/pnt_005/rad_profile_H02SLE.csv,post_processing/pnt_005/rad_profile_H02STE.csv,post_processing/pnt_005/rad_profile_H02SE.csv,post_processing/pnt_005/plcp_H03R_bl_param.csv,post_processing/pnt_005/plcp_H03R_distributions.csv,post_processing/pnt_005/rad_profile_H03RI.csv,post_processing/pnt_005/rad_profile_H03RLE.csv,post_processing/pnt_005/rad_profile_H03RTE.csv,post_processing/pnt_005/rad_profile_H03RE.csv,post_processing/pnt_005/plcp_H03S_bl_param.csv,post_processing/pnt_005/plcp_H03S_distributions.csv,post_processing/pnt_005/rad_profile_H03SI.csv,post_processing/pnt_005/rad_profile_H03SLE.csv,post_processing/pnt_005/rad_profile_H03STE.csv,post_processing/pnt_005/rad_profile_H03SE.csv,post_processing/pnt_005/plcp_H04R_bl_param.csv,post_processing/pnt_005/plcp_H04R_distributions.csv,post_processing/pnt_005/rad_profile_H04RI.csv,post_processing/pnt_005/rad_profile_H04RLE.csv,post_processing/pnt_005/rad_profile_H04RTE.csv,post_processing/pnt_005/rad_profile_H04RE.csv,post_processing/pnt_005/plcp_H04S_bl_param.csv,post_processing/pnt_005/plcp_H04S_distributions.csv,post_processing/pnt_005/rad_profile_H04SI.csv,post_processing/pnt_005/rad_profile_H04SLE.csv,post_processing/pnt_005/rad_profile_H04STE.csv,post_processing/pnt_005/rad_profile_H04SE.csv,post_processing/pnt_005/plcp_H05S_bl_param.csv,post_processing/pnt_005/plcp_H05S_distributions.csv,post_processing/pnt_005/rad_profile_H05SI.csv,post_processing/pnt_005/rad_profile_H05SLE.csv,post_processing/pnt_005/rad_profile_H05STE.csv,post_processing/pnt_005/rad_profile_H05SE.csv
post_processing/pnt_006,95,1.033,1.033,speed 095.00 factor 1.033,113.311707,90.643814,4.564018,100,725.307373,113.855965,113.311539,100,31.362722,100,-0.143754,725.307373,post_processing/pnt_006/plcp_H01I_bl_param.csv,post_processing/pnt_006/plcp_H01I_distributions.csv,post_processing/pnt_006/rad_profile_H01II.csv,post_processing/pnt_006/rad_profile_H01ILE.csv,post_processing/pnt_006/rad_profile_H01ITE.csv,post_processing/pnt_006/rad_profile_H01IE.csv,post_processing/pnt_006/plcp_H01R_bl_param.csv,post_processing/pnt_006/plcp_H01R_distributions.csv,post_processing/pnt_006/rad_profile_H01RI.csv,post_processing/pnt_006/rad_profile_H01RLE.csv,post_processing/pnt_006/rad_profile_H01RTE.csv,post_processing/pnt_006/rad_profile_H01RE.csv,post_processing/pnt_006/plcp_H01S_bl_param.csv,post_processing/pnt_006/plcp_H01S_distributions.csv,post_processing/pnt_006/rad_profile_H01SI.csv,post_processing/pnt_006/rad_profile_H01SLE.csv,post_processing/pnt_006/rad_profile_H01STE.csv,post_processing/pnt_006/rad_profile_H01SE.csv,post_processing/pnt_006/plcp_H02R_bl_param.csv,post_processing/pnt_006/plcp_H02R_distributions.csv,post_processing/pnt_006/rad_profile_H02RI.csv,post_processing/pnt_006/rad_profile_H02RLE.csv,post_processing/pnt_006/rad_profile_H02RTE.csv,post_processing/pnt_006/rad_profile_H02RE.csv,post_processing/pnt_006/plcp_H02S_bl_param.csv,post_processing/pnt_006/plcp_H02S_distributions.csv,post_processing/pnt_006/rad_profile_H02SI.csv,post_processing/pnt_006/rad_profile_H02SLE.csv,post_processing/pnt_006/rad_profile_H02STE.csv,post_processing/pnt_006/rad_profile_H02SE.csv,post_processing/pnt_006/plcp_H03R_bl_param.csv,post_processing/pnt_006/plcp_H03R_distributions.csv,post_processing/pnt_006/rad_profile_H03RI.csv,post_processing/pnt_006/rad_profile_H03RLE.csv,post_processing/pnt_006/rad_profile_H03RTE.csv,post_processing/pnt_006/rad_profile_H03RE.csv,post_processing/pnt_006/plcp_H03S_bl_param.csv,post_processing/pnt_006/plcp_H03S_distributions.csv,post_processing/pnt_006/rad_profile_H03SI.csv,post_processing/pnt_006/rad_profile_H03SLE.csv,post_processing/pnt_006/rad_profile_H03STE.csv,post_processing/pnt_006/rad_profile_H03SE.csv,post_processing/pnt_006/plcp_H04R_bl_param.csv,post_processing/pnt_006/plcp_H04R_distributions.csv,post_processing/pnt_006/rad_profile_H04RI.csv,post_processing/pnt_006/rad_profile_H04RLE.csv,post_processing/pnt_006/rad_profile_H04RTE.csv,post_processing/pnt_006/rad_profile_H04RE.csv,post_processing/pnt_006/plcp_H04S_bl_param.csv,post_processing/pnt_006/plcp_H04S_distributions.csv,post_processing/pnt_006/rad_profile_H04SI.csv,post_processing/pnt_006/rad_profile_H04SLE.csv,post_processing/pnt_006/rad_profile_H04STE.csv,post_processing/pnt_006/rad_profile_H04SE.csv,post_processing/pnt_006/plcp_H05S_bl_param.csv,post_processing/pnt_006/plcp_H05S_distributions.csv,post_processing/pnt_006/rad_profile_H05SI.csv,post_processing/pnt_006/rad_profile_H05SLE.csv,post_processing/pnt_006/rad_profile_H05STE.csv,post_processing/pnt_006/rad_profile_H05SE.csv
post_processing/pnt_007,95,1.066,1.066,speed 095.00 factor 1.066,114.009079,90.635071,4.429903,100,725.307312,114.567734,114.008858,100,32.36393,100,-0.1403,725.307251,post_processing/pnt_007/plcp_H01I_bl_param.csv,post_processing/pnt_007/plcp_H01I_distributions.csv,post_processing/pnt_007/rad_profile_H01II.csv,post_processing/pnt_007/rad_profile_H01ILE.csv,post_processing/pnt_007/rad_profile_H01ITE.csv,post_processing/pnt_007/rad_profile_H01IE.csv,post_processing/pnt_007/plcp_H01R_bl_param.csv,post_processing/pnt_007/plcp_H01R_distributions.csv,post_processing/pnt_007/rad_profile_H01RI.csv,post_processing/pnt_007/rad_profile_H01RLE.csv,post_processing/pnt_007/rad_profile_H01RTE.csv,post_processing/pnt_007/rad_profile_H01RE.csv,post_processing/pnt_007/plcp_H01S_bl_param.csv,post_processing/pnt_007/plcp_H01S_distributions.csv,post_processing/pnt_007/rad_profile_H01SI.csv,post_processing/pnt_007/rad_profile_H01SLE.csv,post_processing/pnt_007/rad_profile_H01STE.csv,post_processing/pnt_007/rad_profile_H01SE.csv,post_processing/pnt_007/plcp_H02R_bl_param.csv,post_processing/pnt_007/plcp_H02R_distributions.csv,post_processing/pnt_007/rad_profile_H02RI.csv,post_processing/pnt_007/rad_profile_H02RLE.csv,post_processing/pnt_007/rad_profile_H02RTE.csv,post_processing/pnt_007/rad_profile_H02RE.csv,post_processing/pnt_007/plcp_H02S_bl_param.csv,post_processing/pnt_007/plcp_H02S_distributions.csv,post_processing/pnt_007/rad_profile_H02SI.csv,post_processing/pnt_007/rad_profile_H02SLE.csv,post_processing/pnt_007/rad_profile_H02STE.csv,post_processing/pnt_007/rad_profile_H02SE.csv,post_processing/pnt_007/plcp_H03R_bl_param.csv,post_processing/pnt_007/plcp_H03R_distributions.csv,post_processing/pnt_007/rad_profile_H03RI.csv,post_processing/pnt_007/rad_profile_H03RLE.csv,post_processing/pnt_007/rad_profile_H03RTE.csv,post_processing/pnt_007/rad_profile_H03RE.csv,post_processing/pnt_007/plcp_H03S_bl_param.csv,post_processing/pnt_007/plcp_H03S_distributions.csv,post_processing/pnt_007/rad_profile_H03SI.csv,post_processing/pnt_007/rad_profile_H03SLE.csv,post_processing/pnt_007/rad_profile_H03STE.csv,post_processing/pnt_007/rad_profile_H03SE.csv,post_processing/pnt_007/plcp_H04R_bl_param.csv,post_processing/pnt_007/plcp_H04R_distributions.csv,post_processing/pnt_007/rad_profile_H04RI.csv,post_processing/pnt_007/rad_profile_H04RLE.csv,post_processing/pnt_007/rad_profile_H04RTE.csv,post_processing/pnt_007/rad_profile_H04RE.csv,post_processing/pnt_007/plcp_H04S_bl_param.csv,post_processing/pnt_007/plcp_H04S_distributions.csv,post_processing/pnt_007/rad_profile_H04SI.csv,post_processing/pnt_007/rad_profile_H04SLE.csv,post_processing/pnt_007/rad_profile_H04STE.csv,post_processing/pnt_007/rad_profile_H04SE.csv,post_processing/pnt_007/plcp_H05S_bl_param.csv,post_processing/pnt_007/plcp_H05S_distributions.csv,post_processing/pnt_007/rad_profile_H05SI.csv,post_processing/pnt_007/rad_profile_H05SLE.csv,post_processing/pnt_007/rad_profile_H05STE.csv,post_processing/pnt_007/rad_profile_H05SE.csv
post_processing/pnt_008,95,1.1,1.1,speed 095.00 factor 1.100,114.521744,90.395416,4.293974,100,725.307373,115.091141,114.521584,100,33.395451,100,-0.137071,725.307434,post_processing/pnt_008/plcp_H01I_bl_param.csv,post_processing/pnt_008/plcp_H01I_distributions.csv,post_processing/pnt_008/rad_profile_H01II.csv,post_processing/pnt_008/rad_profile_H01ILE.csv,post_processing/pnt_008/rad_profile_H01ITE.csv,post_processing/pnt_008/rad_profile_H01IE.csv,post_processing/pnt_008/plcp_H01R_bl_param.csv,post_processing/pnt_008/plcp_H01R_distributions.csv,post_processing/pnt_008/rad_profile_H01RI.csv,post_processing/pnt_008/rad_profile_H01RLE.csv,post_processing/pnt_008/rad_profile_H01RTE.csv,post_processing/pnt_008/rad_profile_H01RE.csv,post_processing/pnt_008/plcp_H01S_bl_param.csv,post_processing/pnt_008/plcp_H01S_distributions.csv,post_processing/pnt_008/rad_profile_H01SI.csv,post_processing/pnt_008/rad_profile_H01SLE.csv,post_processing/pnt_008/rad_profile_H01STE.csv,post_processing/pnt_008/rad_profile_H01SE.csv,post_processing/pnt_008/plcp_H02R_bl_param.csv,post_processing/pnt_008/plcp_H02R_distributions.csv,post_processing/pnt_008/rad_profile_H02RI.csv,post_processing/pnt_008/rad_profile_H02RLE.csv,post_processing/pnt_008/rad_profile_H02RTE.csv,post_processing/pnt_008/rad_profile_H02RE.csv,post_processing/pnt_008/plcp_H02S_bl_param.csv,post_processing/pnt_008/plcp_H02S_distributions.csv,post_processing/pnt_008/rad_profile_H02SI.csv,post_processing/pnt_008/rad_profile_H02SLE.csv,post_processing/pnt_008/rad_profile_H02STE.csv,post_processing/pnt_008/rad_profile_H02SE.csv,post_processing/pnt_008/plcp_H03R_bl_param.csv,post_processing/pnt_008/plcp_H03R_distributions.csv,post_processing/pnt_008/rad_profile_H03RI.csv,post_processing/pnt_008/rad_profile_H03RLE.csv,post_processing/pnt_008/rad_profile_H03RTE.csv,post_processing/pnt_008/rad_profile_H03RE.csv,post_processing/pnt_008/plcp_H03S_bl_param.csv,post_processing/pnt_008/plcp_H03S_distributions.csv,post_processing/pnt_008/rad_profile_H03SI.csv,post_processing/pnt_008/rad_profile_H03SLE.csv,post_processing/pnt_008/rad_profile_H03STE.csv,post_processing/pnt_008/rad_profile_H03SE.csv,post_processing/pnt_008/plcp_H04R_bl_param.csv,post_processing/pnt_008/plcp_H04R_distributions.csv,post_processing/pnt_008/rad_profile_H04RI.csv,post_processing/pnt_008/rad_profile_H04RLE.csv,post_processing/pnt_008/rad_profile_H04RTE.csv,post_processing/pnt_008/rad_profile_H04RE.csv,post_processing/pnt_008/plcp_H04S_bl_param.csv,post_processing/pnt_008/plcp_H04S_distributions.csv,post_processing/pnt_008/rad_profile_H04SI.csv,post_processing/pnt_008/rad_profile_H04SLE.csv,post_processing/pnt_008/rad_profile_H04STE.csv,post_processing/pnt_008/rad_profile_H04SE.csv,post_processing/pnt_008/plcp_H05S_bl_param.csv,post_processing/pnt_008/plcp_H05S_distributions.csv,post_processing/pnt_008/rad_profile_H05SI.csv,post_processing/pnt_008/rad_profile_H05SLE.csv,post_processing/pnt_008/rad_profile_H05STE.csv,post_processing/pnt_008/rad_profile_H05SE.csv
post_processing/pnt_009,97.5,0.95,0.95,speed 097.50 factor 0.950,115.194946,89.696648,5.149678,100,744.393921,115.779709,115.194786,100,28.843542,100,-0.159765,744.394043,post_processing/pnt_009/plcp_H01I_bl_param.csv,post_processing/pnt_009/plcp_H01I_distributions.csv,post_processing/pnt_009/rad_profile_H01II.csv,post_processing/pnt_009/rad_profile_H01ILE.csv,post_processing/pnt_009/rad_profile_H01ITE.csv,post_processing/pnt_009/rad_profile_H01IE.csv,post_processing/pnt_009/plcp_H01R_bl_param.csv,post_processing/pnt_009/plcp_H01R_distributions.csv,post_processing/pnt_009/rad_profile_H01RI.csv,post_processing/pnt_009/rad_profile_H01RLE.csv,post_processing/pnt_009/rad_profile_H01RTE.csv,post_processing/pnt_009/rad_profile_H01RE.csv,post_processing/pnt_009/plcp_H01S_bl_param.csv,post_processing/pnt_009/plcp_H01S_distributions.csv,post_processing/pnt_009/rad_profile_H01SI.csv,post_processing/pnt_009/rad_profile_H01SLE.csv,post_processing/pnt_009/rad_profile_H01STE.csv,post_processing/pnt_009/rad_profile_H01SE.csv,post_processing/pnt_009/plcp_H02R_bl_param.csv,post_processing/pnt_009/plcp_H02R_distributions.csv,post_processing/pnt_009/rad_profile_H02RI.csv,post_processing/pnt_009/rad_profile_H02RLE.csv,post_processing/pnt_009/rad_profile_H02RTE.csv,post_processing/pnt_009/rad_profile_H02RE.csv,post_processing/pnt_009/plcp_H02S_bl_param.csv,post_processing/pnt_009/plcp_H02S_distributions.csv,post_processing/pnt_009/rad_profile_H02SI.csv,post_processing/pnt_009/rad_profile_H02SLE.csv,post_processing/pnt_009/rad_profile_H02STE.csv,post_processing/pnt_009/rad_profile_H02SE.csv,post_processing/pnt_009/plcp_H03R_bl_param.csv,post_processing/pnt_009/plcp_H03R_distributions.csv,post_processing/pnt_009/rad_profile_H03RI.csv,post_processing/pnt_009/rad_profile_H03RLE.csv,post_processing/pnt_009/rad_profile_H03RTE.csv,post_processing/pnt_009/rad_profile_H03RE.csv,post_processing/pnt_009/plcp_H03S_bl_param.csv,post_processing/pnt_009/plcp_H03S_distributions.csv,post_processing/pnt_009/rad_profile_H03SI.csv,post_processing/pnt_009/rad_profile_H03SLE.csv,post_processing/pnt_009/rad_profile_H03STE.csv,post_processing/pnt_009/rad_profile_H03SE.csv,post_processing/pnt_009/plcp_H04R_bl_param.csv,post_processing/pnt_009/plcp_H04R_distributions.csv,post_processing/pnt_009/rad_profile_H04RI.csv,post_processing/pnt_009/rad_profile_H04RLE.csv,post_processing/pnt_009/rad_profile_H04RTE.csv,post_processing/pnt_009/rad_profile_H04RE.csv,post_processing/pnt_009/plcp_H04S_bl_param.csv,post_processing/pnt_009/plcp_H04S_distributions.csv,post_processing/pnt_009/rad_profile_H04SI.csv,post_processing/pnt_009/rad_profile_H04SLE.csv,post_processing/pnt_009/rad_profile_H04STE.csv,post_processing/pnt_009/rad_profile_H04SE.csv,post_processing/pnt_009/plcp_H05S_bl_param.csv,post_processing/pnt_009/plcp_H05S_distributions.csv,post_processing/pnt_009/rad_profile_H05SI.csv,post_processing/pnt_009/rad_profile_H05SLE.csv,post_processing/pnt_009/rad_profile_H05STE.csv,post_processing/pnt_009/rad_profile_H05SE.csv
post_processing/pnt_010,97.5,0.958,0.958,speed 097.50 factor 0.958,115.808754,90.084213,5.125421,100,744.394348,116.406624,115.808617,100,29.086695,100,-0.158504,744.39447,post_processing/pnt_010/plcp_H01I_bl_param.csv,post_processing/pnt_010/plcp_H01I_distributions.csv,post_processing/pnt_010/rad_profile_H01II.csv,post_processing/pnt_010/rad_profile_H01ILE.csv,post_processing/pnt_010/rad_profile_H01ITE.csv,post_processing/pnt_010/rad_profile_H01IE.csv,post_processing/pnt_010/plcp_H01R_bl_param.csv,post_processing/pnt_010/plcp_H01R_distributions.csv,post_processing/pnt_010/rad_profile_H01RI.csv,post_processing/pnt_010/rad_profile_H01RLE.csv,post_processing/pnt_010/rad_profile_H01RTE.csv,post_processing/pnt_010/rad_profile_H01RE.csv,post_processing/pnt_010/plcp_H01S_bl_param.csv,post_processing/pnt_010/plcp_H01S_distributions.csv,post_processing/pnt_010/rad_profile_H01SI.csv,post_processing/pnt_010/rad_profile_H01SLE.csv,post_processing/pnt_010/rad_profile_H01STE.csv,post_processing/pnt_010/rad_profile_H01SE.csv,post_processing/pnt_010/plcp_H02R_bl_param.csv,post_processing/pnt_010/plcp_H02R_distributions.csv,post_processing/pnt_010/rad_profile_H02RI.csv,post_processing/pnt_010/rad_profile_H02RLE.csv,post_processing/pnt_010/rad_profile_H02RTE.csv,post_processing/pnt_010/rad_profile_H02RE.csv,post_processing/pnt_010/plcp_H02S_bl_param.csv,post_processing/pnt_010/plcp_H02S_distributions.csv,post_processing/pnt_010/rad_profile_H02SI.csv,post_processing/pnt_010/rad_profile_H02SLE.csv,post_processing/pnt_010/rad_profile_H02STE.csv,post_processing/pnt_010/rad_profile_H02SE.csv,post_processing/pnt_010/plcp_H03R_bl_param.csv,post_processing/pnt_010/plcp_H03R_distributions.csv,post_processing/pnt_010/rad_profile_H03RI.csv,post_processing/pnt_010/rad_profile_H03RLE.csv,post_processing/pnt_010/rad_profile_H03RTE.csv,post_processing/pnt_010/rad_profile_H03RE.csv,post_processing/pnt_010/plcp_H03S_bl_param.csv,post_processing/pnt_010/plcp_H03S_distributions.csv,post_processing/pnt_010/rad_profile_H03SI.csv,post_processing/pnt_010/rad_profile_H03SLE.csv,post_processing/pnt_010/rad_profile_H03STE.csv,post_processing/pnt_010/rad_profile_H03SE.csv,post_processing/pnt_010/plcp_H04R_bl_param.csv,post_processing/pnt_010/plcp_H04R_distributions.csv,post_processing/pnt_010/rad_profile_H04RI.csv,post_processing/pnt_010/rad_profile_H04RLE.csv,post_processing/pnt_010/rad_profile_H04RTE.csv,post_processing/pnt_010/rad_profile_H04RE.csv,post_processing/pnt_010/plcp_H04S_bl_param.csv,post_processing/pnt_010/plcp_H04S_distributions.csv,post_processing/pnt_010/rad_profile_H04SI.csv,post_processing/pnt_010/rad_profile_H04SLE.csv,post_processing/pnt_010/rad_profile_H04STE.csv,post_processing/pnt_010/rad_profile_H04SE.csv,post_processing/pnt_010/plcp_H05S_bl_param.csv,post_processing/pnt_010/plcp_H05S_distributions.csv,post_processing/pnt_010/rad_profile_H05SI.csv,post_processing/pnt_010/rad_profile_H05SLE.csv,post_processing/pnt_010/rad_profile_H05STE.csv,post_processing/pnt_010/rad_profile_H05SE.csv
post_processing/pnt_011,97.5,0.966,0.966,speed 097.50 factor 0.966,116.2388,90.337967,5.094223,100,744.394409,116.846588,116.238564,100,29.329491,100,-0.15732,744.394409,post_processing/pnt_011/plcp_H01I_bl_param.csv,post_processing/pnt_011/plcp_H01I_distributions.csv,post_processing/pnt_011/rad_profile_H01II.csv,post_processing/pnt_011/rad_profile_H01ILE.csv,post_processing/pnt_011/rad_profile_H01ITE.csv,post_processing/pnt_011/rad_profile_H01IE.csv,post_processing/pnt_011/plcp_H01R_bl_param.csv,post_processing/pnt_011/plcp_H01R_distributions.csv,post_processing/pnt_011/rad_profile_H01RI.csv,post_processing/pnt_011/rad_profile_H01RLE.csv,post_processing/pnt_011/rad_profile_H01RTE.csv,post_processing/pnt_011/rad_profile_H01RE.csv,post_processing/pnt_011/plcp_H01S_bl_param.csv,post_processing/pnt_011/plcp_H01S_distributions.csv,post_processing/pnt_011/rad_profile_H01SI.csv,post_processing/pnt_011/rad_profile_H01SLE.csv,post_processing/pnt_011/rad_profile_H01STE.csv,post_processing/pnt_011/rad_profile_H01SE.csv,post_processing/pnt_011/plcp_H02R_bl_param.csv,post_processing/pnt_011/plcp_H02R_distributions.csv,post_processing/pnt_011/rad_profile_H02RI.csv,post_processing/pnt_011/rad_profile_H02RLE.csv,post_processing/pnt_011/rad_profile_H02RTE.csv,post_processing/pnt_011/rad_profile_H02RE.csv,post_processing/pnt_011/plcp_H02S_bl_param.csv,post_processing/pnt_011/plcp_H02S_distributions.csv,post_processing/pnt_011/rad_profile_H02SI.csv,post_processing/pnt_011/rad_profile_H02SLE.csv,post_processing/pnt_011/rad_profile_H02STE.csv,post_processing/pnt_011/rad_profile_H02SE.csv,post_processing/pnt_011/plcp_H03R_bl_param.csv,post_processing/pnt_011/plcp_H03R_distributions.csv,post_processing/pnt_011/rad_profile_H03RI.csv,post_processing/pnt_011/rad_profile_H03RLE.csv,post_processing/pnt_011/rad_profile_H03RTE.csv,post_processing/pnt_011/rad_profile_H03RE.csv,post_processing/pnt_011/plcp_H03S_bl_param.csv,post_processing/pnt_011/plcp_H03S_distributions.csv,post_processing/pnt_011/rad_profile_H03SI.csv,post_processing/pnt_011/rad_profile_H03SLE.csv,post_processing/pnt_011/rad_profile_H03STE.csv,post_processing/pnt_011/rad_profile_H03SE.csv,post_processing/pnt_011/plcp_H04R_bl_param.csv,post_processing/pnt_011/plcp_H04R_distributions.csv,post_processing/pnt_011/rad_profile_H04RI.csv,post_processing/pnt_011/rad_profile_H04RLE.csv,post_processing/pnt_011/rad_profile_H04RTE.csv,post_processing/pnt_011/rad_profile_H04RE.csv,post_processing/pnt_011/plcp_H04S_bl_param.csv,post_processing/pnt_011/plcp_H04S_distributions.csv,post_processing/pnt_011/rad_profile_H04SI.csv,post_processing/pnt_011/rad_profile_H04SLE.csv,post_processing/pnt_011/rad_profile_H04STE.csv,post_processing/pnt_011/rad_profile_H04SE.csv,post_processing/pnt_011/plcp_H05S_bl_param.csv,post_processing/pnt_011/plcp_H05S_distributions.csv,post_processing/pnt_011/rad_profile_H05SI.csv,post_processing/pnt_011/rad_profile_H05SLE.csv,post_processing/pnt_011/rad_profile_H05STE.csv,post_processing/pnt_011/rad_profile_H05SE.csv
post_processing/pnt_012,97.5,1,1,speed 097.50 factor 1.000,117.330208,90.75769,4.939487,100,744.394592,117.964409,117.330017,100,30.361332,100,-0.152897,744.394531,post_processing/pnt_012/plcp_H01I_bl_param.csv,post_processing/pnt_012/plcp_H01I_distributions.csv,post_processing/pnt_012/rad_profile_H01II.csv,post_processing/pnt_012/rad_profile_H01ILE.csv,post_processing/pnt_012/rad_profile_H01ITE.csv,post_processing/pnt_012/rad_profile_H01IE.csv,post_processing/pnt_012/plcp_H01R_bl_param.csv,post_processing/pnt_012/plcp_H01R_distributions.csv,post_processing/pnt_012/rad_profile_H01RI.csv,post_processing/pnt_012/rad_profile_H01RLE.csv,post_processing/pnt_012/rad_profile_H01RTE.csv,post_processing/pnt_012/rad_profile_H01RE.csv,post_processing/pnt_012/plcp_H01S_bl_param.csv,post_processing/pnt_012/plcp_H01S_distributions.csv,post_processing/pnt_012/rad_profile_H01SI.csv,post_processing/pnt_012/rad_profile_H01SLE.csv,post_processing/pnt_012/rad_profile_H01STE.csv,post_processing/pnt_012/rad_profile_H01SE.csv,post_processing/pnt_012/plcp_H02R_bl_param.csv,post_processing/pnt_012/plcp_H02R_distributions.csv,post_processing/pnt_012/rad_profile_H02RI.csv,post_processing/pnt_012/rad_profile_H02RLE.csv,post_processing/pnt_012/rad_profile_H02RTE.csv,post_processing/pnt_012/rad_profile_H02RE.csv,post_processing/pnt_012/plcp_H02S_bl_param.csv,post_processing/pnt_012/plcp_H02S_distributions.csv,post_processing/pnt_012/rad_profile_H02SI.csv,post_processing/pnt_012/rad_profile_H02SLE.csv,post_processing/pnt_012/rad_profile_H02STE.csv,post_processing/pnt_012/rad_profile_H02SE.csv,post_processing/pnt_012/plcp_H03R_bl_param.csv,post_processing/pnt_012/plcp_H03R_distributions.csv,post_processing/pnt_012/rad_profile_H03RI.csv,post_processing/pnt_012/rad_profile_H03RLE.csv,post_processing/pnt_012/rad_profile_H03RTE.csv,post_processing/pnt_012/rad_profile_H03RE.csv,post_processing/pnt_012/plcp_H03S_bl_param.csv,post_processing/pnt_012/plcp_H03S_distributions.csv,post_processing/pnt_012/rad_profile_H03SI.csv,post_processing/pnt_012/rad_profile_H03SLE.csv,post_processing/pnt_012/rad_profile_H03STE.csv,post_processing/pnt_012/rad_profile_H03SE.csv,post_processing/pnt_012/plcp_H04R_bl_param.csv,post_processing/pnt_012/plcp_H04R_distributions.csv,post_processing/pnt_012/rad_profile_H04RI.csv,post_processing/pnt_012/rad_profile_H04RLE.csv,post_processing/pnt_012/rad_profile_H04RTE.csv,post_processing/pnt_012/rad_profile_H04RE.csv,post_processing/pnt_012/plcp_H04S_bl_param.csv,post_processing/pnt_012/plcp_H04S_distributions.csv,post_processing/pnt_012/rad_profile_H04SI.csv,post_processing/pnt_012/rad_profile_H04SLE.csv,post_processing/pnt_012/rad_profile_H04STE.csv,post_processing/pnt_012/rad_profile_H04SE.csv,post_processing/pnt_012/plcp_H05S_bl_param.csv,post_processing/pnt_012/plcp_H05S_distributions.csv,post_processing/pnt_012/rad_profile_H05SI.csv,post_processing/pnt_012/rad_profile_H05SLE.csv,post_processing/pnt_012/rad_profile_H05STE.csv,post_processing/pnt_012/rad_profile_H05SE.csv
post_processing/pnt_013,97.5,1.033,1.033,speed 097.50 factor 1.033,117.94709,90.78643,4.783206,100,744.394531,118.596901,117.946861,100,31.362619,100,-0.149033,744.394531,post_processing/pnt_013/plcp_H01I_bl_param.csv,post_processing/pnt_013/plcp_H01I_distributions.csv,post_processing/pnt_013/rad_profile_H01II.csv,post_processing/pnt_013/rad_profile_H01ILE.csv,post_processing/pnt_013/rad_profile_H01ITE.csv,post_processing/pnt_013/rad_profile_H01IE.csv,post_processing/pnt_013/plcp_H01R_bl_param.csv,post_processing/pnt_013/plcp_H01R_distributions.csv,post_processing/pnt_013/rad_profile_H01RI.csv,post_processing/pnt_013/rad_profile_H01RLE.csv,post_processing/pnt_013/rad_profile_H01RTE.csv,post_processing/pnt_013/rad_profile_H01RE.csv,post_processing/pnt_013/plcp_H01S_bl_param.csv,post_processing/pnt_013/plcp_H01S_distributions.csv,post_processing/pnt_013/rad_profile_H01SI.csv,post_processing/pnt_013/rad_profile_H01SLE.csv,post_processing/pnt_013/rad_profile_H01STE.csv,post_processing/pnt_013/rad_profile_H01SE.csv,post_processing/pnt_013/plcp_H02R_bl_param.csv,post_processing/pnt_013/plcp_H02R_distributions.csv,post_processing/pnt_013/rad_profile_H02RI.csv,post_processing/pnt_013/rad_profile_H02RLE.csv,post_processing/pnt_013/rad_profile_H02RTE.csv,post_processing/pnt_013/rad_profile_H02RE.csv,post_processing/pnt_013/plcp_H02S_bl_param.csv,post_processing/pnt_013/plcp_H02S_distributions.csv,post_processing/pnt_013/rad_profile_H02SI.csv,post_processing/pnt_013/rad_profile_H02SLE.csv,post_processing/pnt_013/rad_profile_H02STE.csv,post_processing/pnt_013/rad_profile_H02SE.csv,post_processing/pnt_013/plcp_H03R_bl_param.csv,post_processing/pnt_013/plcp_H03R_distributions.csv,post_processing/pnt_013/rad_profile_H03RI.csv,post_processing/pnt_013/rad_profile_H03RLE.csv,post_processing/pnt_013/rad_profile_H03RTE.csv,post_processing/pnt_013/rad_profile_H03RE.csv,post_processing/pnt_013/plcp_H03S_bl_param.csv,post_processing/pnt_013/plcp_H03S_distributions.csv,post_processing/pnt_013/rad_profile_H03SI.csv,post_processing/pnt_013/rad_profile_H03SLE.csv,post_processing/pnt_013/rad_profile_H03STE.csv,post_processing/pnt_013/rad_profile_H03SE.csv,post_processing/pnt_013/plcp_H04R_bl_param.csv,post_processing/pnt_013/plcp_H04R_distributions.csv,post_processing/pnt_013/rad_profile_H04RI.csv,post_processing/pnt_013/rad_profile_H04RLE.csv,post_processing/pnt_013/rad_profile_H04RTE.csv,post_processing/pnt_013/rad_profile_H04RE.csv,post_processing/pnt_013/plcp_H04S_bl_param.csv,post_processing/pnt_013/plcp_H04S_distributions.csv,post_processing/pnt_013/rad_profile_H04SI.csv,post_processing/pnt_013/rad_profile_H04SLE.csv,post_processing/pnt_013/rad_profile_H04STE.csv,post_processing/pnt_013/rad_profile_H04SE.csv,post_processing/pnt_013/plcp_H05S_bl_param.csv,post_processing/pnt_013/plcp_H05S_distributions.csv,post_processing/pnt_013/rad_profile_H05SI.csv,post_processing/pnt_013/rad_profile_H05SLE.csv,post_processing/pnt_013/rad_profile_H05STE.csv,post_processing/pnt_013/rad_profile_H05SE.csv
post_processing/pnt_014,97.5,1.066,1.066,speed 097.50 factor 1.066,118.380539,90.645668,4.630719,100,744.394409,119.041634,118.380409,100,32.363865,100,-0.145449,744.394775,post_processing/pnt_014/plcp_H01I_bl_param.csv,post_processing/pnt_014/plcp_H01I_distributions.csv,post_processing/pnt_014/rad_profile_H01II.csv,post_processing/pnt_014/rad_profile_H01ILE.csv,post_processing/pnt_014/rad_profile_H01ITE.csv,post_processing/pnt_014/rad_profile_H01IE.csv,post_processing/pnt_014/plcp_H01R_bl_param.csv,post_processing/pnt_014/plcp_H01R_distributions.csv,post_processing/pnt_014/rad_profile_H01RI.csv,post_processing/pnt_014/rad_profile_H01RLE.csv,post_processing/pnt_014/rad_profile_H01RTE.csv,post_processing/pnt_014/rad_profile_H01RE.csv,post_processing/pnt_014/plcp_H01S_bl_param.csv,post_processing/pnt_014/plcp_H01S_distributions.csv,post_processing/pnt_014/rad_profile_H01SI.csv,post_processing/pnt_014/rad_profile_H01SLE.csv,post_processing/pnt_014/rad_profile_H01STE.csv,post_processing/pnt_014/rad_profile_H01SE.csv,post_processing/pnt_014/plcp_H02R_bl_param.csv,post_processing/pnt_014/plcp_H02R_distributions.csv,post_processing/pnt_014/rad_profile_H02RI.csv,post_processing/pnt_014/rad_profile_H02RLE.csv,post_processing/pnt_014/rad_profile_H02RTE.csv,post_processing/pnt_014/rad_profile_H02RE.csv,post_processing/pnt_014/plcp_H02S_bl_param.csv,post_processing/pnt_014/plcp_H02S_distributions.csv,post_processing/pnt_014/rad_profile_H02SI.csv,post_processing/pnt_014/rad_profile_H02SLE.csv,post_processing/pnt_014/rad_profile_H02STE.csv,post_processing/pnt_014/rad_profile_H02SE.csv,post_processing/pnt_014/plcp_H03R_bl_param.csv,post_processing/pnt_014/plcp_H03R_distributions.csv,post_processing/pnt_014/rad_profile_H03RI.csv,post_processing/pnt_014/rad_profile_H03RLE.csv,post_processing/pnt_014/rad_profile_H03RTE.csv,post_processing/pnt_014/rad_profile_H03RE.csv,post_processing/pnt_014/plcp_H03S_bl_param.csv,post_processing/pnt_014/plcp_H03S_distributions.csv,post_processing/pnt_014/rad_profile_H03SI.csv,post_processing/pnt_014/rad_profile_H03SLE.csv,post_processing/pnt_014/rad_profile_H03STE.csv,post_processing/pnt_014/rad_profile_H03SE.csv,post_processing/pnt_014/plcp_H04R_bl_param.csv,post_processing/pnt_014/plcp_H04R_distributions.csv,post_processing/pnt_014/rad_profile_H04RI.csv,post_processing/pnt_014/rad_profile_H04RLE.csv,post_processing/pnt_014/rad_profile_H04RTE.csv,post_processing/pnt_014/rad_profile_H04RE.csv,post_processing/pnt_014/plcp_H04S_bl_param.csv,post_processing/pnt_014/plcp_H04S_distributions.csv,post_processing/pnt_014/rad_profile_H04SI.csv,post_processing/pnt_014/rad_profile_H04SLE.csv,post_processing/pnt_014/rad_profile_H04STE.csv,post_processing/pnt_014/rad_profile_H04SE.csv,post_processing/pnt_014/plcp_H05S_bl_param.csv,post_processing/pnt_014/plcp_H05S_distributions.csv,post_processing/pnt_014/rad_profile_H05SI.csv,post_processing/pnt_014/rad_profile_H05SLE.csv,post_processing/pnt_014/rad_profile_H05STE.csv,post_processing/pnt_014/rad_profile_H05SE.csv
post_processing/pnt_015,97.5,1.1,1.1,speed 097.50 factor 1.100,118.645096,90.28009,4.478172,100,744.394531,119.313217,118.644859,100,33.39542,100,-0.142114,744.394531,post_processing/pnt_015/plcp_H01I_bl_param.csv,post_processing/pnt_015/plcp_H01I_distributions.csv,post_processing/pnt_015/rad_profile_H01II.csv,post_processing/pnt_015/rad_profile_H01ILE.csv,post_processing/pnt_015/rad_profile_H01ITE.csv,post_processing/pnt_015/rad_profile_H01IE.csv,post_processing/pnt_015/plcp_H01R_bl_param.csv,post_processing/pnt_015/plcp_H01R_distributions.csv,post_processing/pnt_015/rad_profile_H01RI.csv,post_processing/pnt_015/rad_profile_H01RLE.csv,post_processing/pnt_015/rad_profile_H01RTE.csv,post_processing/pnt_015/rad_profile_H01RE.csv,post_processing/pnt_015/plcp_H01S_bl_param.csv,post_processing/pnt_015/plcp_H01S_distributions.csv,post_processing/pnt_015/rad_profile_H01SI.csv,post_processing/pnt_015/rad_profile_H01SLE.csv,post_processing/pnt_015/rad_profile_H01STE.csv,post_processing/pnt_015/rad_profile_H01SE.csv,post_processing/pnt_015/plcp_H02R_bl_param.csv,post_processing/pnt_015/plcp_H02R_distributions.csv,post_processing/pnt_015/rad_profile_H02RI.csv,post_processing/pnt_015/rad_profile_H02RLE.csv,post_processing/pnt_015/rad_profile_H02RTE.csv,post_processing/pnt_015/rad_profile_H02RE.csv,post_processing/pnt_015/plcp_H02S_bl_param.csv,post_processing/pnt_015/plcp_H02S_distributions.csv,post_processing/pnt_015/rad_profile_H02SI.csv,post_processing/pnt_015/rad_profile_H02SLE.csv,post_processing/pnt_015/rad_profile_H02STE.csv,post_processing/pnt_015/rad_profile_H02SE.csv,post_processing/pnt_015/plcp_H03R_bl_param.csv,post_processing/pnt_015/plcp_H03R_distributions.csv,post_processing/pnt_015/rad_profile_H03RI.csv,post_processing/pnt_015/rad_profile_H03RLE.csv,post_processing/pnt_015/rad_profile_H03RTE.csv,post_processing/pnt_015/rad_profile_H03RE.csv,post_processing/pnt_015/plcp_H03S_bl_param.csv,post_processing/pnt_015/plcp_H03S_distributions.csv,post_processing/pnt_015/rad_profile_H03SI.csv,post_processing/pnt_015/rad_profile_H03SLE.csv,post_processing/pnt_015/rad_profile_H03STE.csv,post_processing/pnt_015/rad_profile_H03SE.csv,post_processing/pnt_015/plcp_H04R_bl_param.csv,post_processing/pnt_015/plcp_H04R_distributions.csv,post_processing/pnt_015/rad_profile_H04RI.csv,post_processing/pnt_015/rad_profile_H04RLE.csv,post_processing/pnt_015/rad_profile_H04RTE.csv,post_processing/pnt_015/rad_profile_H04RE.csv,post_processing/pnt_015/plcp_H04S_bl_param.csv,post_processing/pnt_015/plcp_H04S_distributions.csv,post_processing/pnt_015/rad_profile_H04SI.csv,post_processing/pnt_015/rad_profile_H04SLE.csv,post_processing/pnt_015/rad_profile_H04STE.csv,post_processing/pnt_015/rad_profile_H04SE.csv,post_processing/pnt_015/plcp_H05S_bl_param.csv,post_processing/pnt_015/plcp_H05S_distributions.csv,post_processing/pnt_015/rad_profile_H05SI.csv,post_processing/pnt_015/rad_profile_H05SLE.csv,post_processing/pnt_015/rad_profile_H05STE.csv,post_processing/pnt_015/rad_profile_H05SE.csv
post_processing/pnt_016,100,0.95,0.95,speed 100.00 factor 0.950,120.015358,87.347458,5.139484,100,763.480286,120.675911,120.015137,100,28.805161,100,-0.163813,763.480286,post_processing/pnt_016/plcp_H01I_bl_param.csv,post_processing/pnt_016/plcp_H01I_distributions.csv,post_processing/pnt_016/rad_profile_H01II.csv,post_processing/pnt_016/rad_profile_H01ILE.csv,post_processing/pnt_016/rad_profile_H01ITE.csv,post_processing/pnt_016/rad_profile_H01IE.csv,post_processing/pnt_016/plcp_H01R_bl_param.csv,post_processing/pnt_016/plcp_H01R_distributions.csv,post_processing/pnt_016/rad_profile_H01RI.csv,post_processing/pnt_016/rad_profile_H01RLE.csv,post_processing/pnt_016/rad_profile_H01RTE.csv,post_processing/pnt_016/rad_profile_H01RE.csv,post_processing/pnt_016/plcp_H01S_bl_param.csv,post_processing/pnt_016/plcp_H01S_distributions.csv,post_processing/pnt_016/rad_profile_H01SI.csv,post_processing/pnt_016/rad_profile_H01SLE.csv,post_processing/pnt_016/rad_profile_H01STE.csv,post_processing/pnt_016/rad_profile_H01SE.csv,post_processing/pnt_016/plcp_H02R_bl_param.csv,post_processing/pnt_016/plcp_H02R_distributions.csv,post_processing/pnt_016/rad_profile_H02RI.csv,post_processing/pnt_016/rad_profile_H02RLE.csv,post_processing/pnt_016/rad_profile_H02RTE.csv,post_processing/pnt_016/rad_profile_H02RE.csv,post_processing/pnt_016/plcp_H02S_bl_param.csv,post_processing/pnt_016/plcp_H02S_distributions.csv,post_processing/pnt_016/rad_profile_H02SI.csv,post_processing/pnt_016/rad_profile_H02SLE.csv,post_processing/pnt_016/rad_profile_H02STE.csv,post_processing/pnt_016/rad_profile_H02SE.csv,post_processing/pnt_016/plcp_H03R_bl_param.csv,post_processing/pnt_016/plcp_H03R_distributions.csv,post_processing/pnt_016/rad_profile_H03RI.csv,post_processing/pnt_016/rad_profile_H03RLE.csv,post_processing/pnt_016/rad_profile_H03RTE.csv,post_processing/pnt_016/rad_profile_H03RE.csv,post_processing/pnt_016/plcp_H03S_bl_param.csv,post_processing/pnt_016/plcp_H03S_distributions.csv,post_processing/pnt_016/rad_profile_H03SI.csv,post_processing/pnt_016/rad_profile_H03SLE.csv,post_processing/pnt_016/rad_profile_H03STE.csv,post_processing/pnt_016/rad_profile_H03SE.csv,post_processing/pnt_016/plcp_H04R_bl_param.csv,post_processing/pnt_016/plcp_H04R_distributions.csv,post_processing/pnt_016/rad_profile_H04RI.csv,post_processing/pnt_016/rad_profile_H04RLE.csv,post_processing/pnt_016/rad_profile_H04RTE.csv,post_processing/pnt_016/rad_profile_H04RE.csv,post_processing/pnt_016/plcp_H04S_bl_param.csv,post_processing/pnt_016/plcp_H04S_distributions.csv,post_processing/pnt_016/rad_profile_H04SI.csv,post_processing/pnt_016/rad_profile_H04SLE.csv,post_processing/pnt_016/rad_profile_H04STE.csv,post_processing/pnt_016/rad_profile_H04SE.csv,post_processing/pnt_016/plcp_H05S_bl_param.csv,post_processing/pnt_016/plcp_H05S_distributions.csv,post_processing/pnt_016/rad_profile_H05SI.csv,post_processing/pnt_016/rad_profile_H05SLE.csv,post_processing/pnt_016/rad_profile_H05STE.csv,post_processing/pnt_016/rad_profile_H05SE.csv
post_processing/pnt_017,100,0.958,0.958,speed 100.00 factor 0.958,120.143028,90.13517,5.351537,100,763.481628,120.853271,120.142838,100,29.086395,100,-0.163686,763.481689,post_processing/pnt_017/plcp_H01I_bl_param.csv,post_processing/pnt_017/plcp_H01I_distributions.csv,post_processing/pnt_017/rad_profile_H01II.csv,post_processing/pnt_017/rad_profile_H01ILE.csv,post_processing/pnt_017/rad_profile_H01ITE.csv,post_processing/pnt_017/rad_profile_H01IE.csv,post_processing/pnt_017/plcp_H01R_bl_param.csv,post_processing/pnt_017/plcp_H01R_distributions.csv,post_processing/pnt_017/rad_profile_H01RI.csv,post_processing/pnt_017/rad_profile_H01RLE.csv,post_processing/pnt_017/rad_profile_H01RTE.csv,post_processing/pnt_017/rad_profile_H01RE.csv,post_processing/pnt_017/plcp_H01S_bl_param.csv,post_processing/pnt_017/plcp_H01S_distributions.csv,post_processing/pnt_017/rad_profile_H01SI.csv,post_processing/pnt_017/rad_profile_H01SLE.csv,post_processing/pnt_017/rad_profile_H01STE.csv,post_processing/pnt_017/rad_profile_H01SE.csv,post_processing/pnt_017/plcp_H02R_bl_param.csv,post_processing/pnt_017/plcp_H02R_distributions.csv,post_processing/pnt_017/rad_profile_H02RI.csv,post_processing/pnt_017/rad_profile_H02RLE.csv,post_processing/pnt_017/rad_profile_H02RTE.csv,post_processing/pnt_017/rad_profile_H02RE.csv,post_processing/pnt_017/plcp_H02S_bl_param.csv,post_processing/pnt_017/plcp_H02S_distributions.csv,post_processing/pnt_017/rad_profile_H02SI.csv,post_processing/pnt_017/rad_profile_H02SLE.csv,post_processing/pnt_017/rad_profile_H02STE.csv,post_processing/pnt_017/rad_profile_H02SE.csv,post_processing/pnt_017/plcp_H03R_bl_param.csv,post_processing/pnt_017/plcp_H03R_distributions.csv,post_processing/pnt_017/rad_profile_H03RI.csv,post_processing/pnt_017/rad_profile_H03RLE.csv,post_processing/pnt_017/rad_profile_H03RTE.csv,post_processing/pnt_017/rad_profile_H03RE.csv,post_processing/pnt_017/plcp_H03S_bl_param.csv,post_processing/pnt_017/plcp_H03S_distributions.csv,post_processing/pnt_017/rad_profile_H03SI.csv,post_processing/pnt_017/rad_profile_H03SLE.csv,post_processing/pnt_017/rad_profile_H03STE.csv,post_processing/pnt_017/rad_profile_H03SE.csv,post_processing/pnt_017/plcp_H04R_bl_param.csv,post_processing/pnt_017/plcp_H04R_distributions.csv,post_processing/pnt_017/rad_profile_H04RI.csv,post_processing/pnt_017/rad_profile_H04RLE.csv,post_processing/pnt_017/rad_profile_H04RTE.csv,post_processing/pnt_017/rad_profile_H04RE.csv,post_processing/pnt_017/plcp_H04S_bl_param.csv,post_processing/pnt_017/plcp_H04S_distributions.csv,post_processing/pnt_017/rad_profile_H04SI.csv,post_processing/pnt_017/rad_profile_H04SLE.csv,post_processing/pnt_017/rad_profile_H04STE.csv,post_processing/pnt_017/rad_profile_H04SE.csv,post_processing/pnt_017/plcp_H05S_bl_param.csv,post_processing/pnt_017/plcp_H05S_distributions.csv,post_processing/pnt_017/rad_profile_H05SI.csv,post_processing/pnt_017/rad_profile_H05SLE.csv,post_processing/pnt_017/rad_profile_H05STE.csv,post_processing/pnt_017/rad_profile_H05SE.csv
post_processing/pnt_018,100,0.966,0.966,speed 100.00 factor 0.966,120.178986,90.180756,5.30033,100,763.481689,120.890266,120.178764,100,29.329208,100,-0.162424,763.481689,post_processing/pnt_018/plcp_H01I_bl_param.csv,post_processing/pnt_018/plcp_H01I_distributions.csv,post_processing/pnt_018/rad_profile_H01II.csv,post_processing/pnt_018/rad_profile_H01ILE.csv,post_processing/pnt_018/rad_profile_H01ITE.csv,post_processing/pnt_018/rad_profile_H01IE.csv,post_processing/pnt_018/plcp_H01R_bl_param.csv,post_processing/pnt_018/plcp_H01R_distributions.csv,post_processing/pnt_018/rad_profile_H01RI.csv,post_processing/pnt_018/rad_profile_H01RLE.csv,post_processing/pnt_018/rad_profile_H01RTE.csv,post_processing/pnt_018/rad_profile_H01RE.csv,post_processing/pnt_018/plcp_H01S_bl_param.csv,post_processing/pnt_018/plcp_H01S_distributions.csv,post_processing/pnt_018/rad_profile_H01SI.csv,post_processing/pnt_018/rad_profile_H01SLE.csv,post_processing/pnt_018/rad_profile_H01STE.csv,post_processing/pnt_018/rad_profile_H01SE.csv,post_processing/pnt_018/plcp_H02R_bl_param.csv,post_processing/pnt_018/plcp_H02R_distributions.csv,post_processing/pnt_018/rad_profile_H02RI.csv,post_processing/pnt_018/rad_profile_H02RLE.csv,post_processing/pnt_018/rad_profile_H02RTE.csv,post_processing/pnt_018/rad_profile_H02RE.csv,post_processing/pnt_018/plcp_H02S_bl_param.csv,post_processing/pnt_018/plcp_H02S_distributions.csv,post_processing/pnt_018/rad_profile_H02SI.csv,post_processing/pnt_018/rad_profile_H02SLE.csv,post_processing/pnt_018/rad_profile_H02STE.csv,post_processing/pnt_018/rad_profile_H02SE.csv,post_processing/pnt_018/plcp_H03R_bl_param.csv,post_processing/pnt_018/plcp_H03R_distributions.csv,post_processing/pnt_018/rad_profile_H03RI.csv,post_processing/pnt_018/rad_profile_H03RLE.csv,post_processing/pnt_018/rad_profile_H03RTE.csv,post_processing/pnt_018/rad_profile_H03RE.csv,post_processing/pnt_018/plcp_H03S_bl_param.csv,post_processing/pnt_018/plcp_H03S_distributions.csv,post_processing/pnt_018/rad_profile_H03SI.csv,post_processing/pnt_018/rad_profile_H03SLE.csv,post_processing/pnt_018/rad_profile_H03STE.csv,post_processing/pnt_018/rad_profile_H03SE.csv,post_processing/pnt_018/plcp_H04R_bl_param.csv,post_processing/pnt_018/plcp_H04R_distributions.csv,post_processing/pnt_018/rad_profile_H04RI.csv,post_processing/pnt_018/rad_profile_H04RLE.csv,post_processing/pnt_018/rad_profile_H04RTE.csv,post_processing/pnt_018/rad_profile_H04RE.csv,post_processing/pnt_018/plcp_H04S_bl_param.csv,post_processing/pnt_018/plcp_H04S_distributions.csv,post_processing/pnt_018/rad_profile_H04SI.csv,post_processing/pnt_018/rad_profile_H04SLE.csv,post_processing/pnt_018/rad_profile_H04STE.csv,post_processing/pnt_018/rad_profile_H04SE.csv,post_processing/pnt_018/plcp_H05S_bl_param.csv,post_processing/pnt_018/plcp_H05S_distributions.csv,post_processing/pnt_018/rad_profile_H05SI.csv,post_processing/pnt_018/rad_profile_H05SLE.csv,post_processing/pnt_018/rad_profile_H05STE.csv,post_processing/pnt_018/rad_profile_H05SE.csv
post_processing/pnt_019,100,1,1,speed 100.00 factor 1.000,120.236397,90.048126,5.092926,100,763.481628,120.949486,120.236176,100,30.361374,100,-0.157795,763.481689,post_processing/pnt_019/plcp_H01I_bl_param.csv,post_processing/pnt_019/plcp_H01I_distributions.csv,post_processing/pnt_019/rad_profile_H01II.csv,post_processing/pnt_019/rad_profile_H01ILE.csv,post_processing/pnt_019/rad_profile_H01ITE.csv,post_processing/pnt_019/rad_profile_H01IE.csv,post_processing/pnt_019/plcp_H01R_bl_param.csv,post_processing/pnt_019/plcp_H01R_distributions.csv,post_processing/pnt_019/rad_profile_H01RI.csv,post_processing/pnt_019/rad_profile_H01RLE.csv,post_processing/pnt_019/rad_profile_H01RTE.csv,post_processing/pnt_019/rad_profile_H01RE.csv,post_processing/pnt_019/plcp_H01S_bl_param.csv,post_processing/pnt_019/plcp_H01S_distributions.csv,post_processing/pnt_019/rad_profile_H01SI.csv,post_processing/pnt_019/rad_profile_H01SLE.csv,post_processing/pnt_019/rad_profile_H01STE.csv,post_processing/pnt_019/rad_profile_H01SE.csv,post_processing/pnt_019/plcp_H02R_bl_param.csv,post_processing/pnt_019/plcp_H02R_distributions.csv,post_processing/pnt_019/rad_profile_H02RI.csv,post_processing/pnt_019/rad_profile_H02RLE.csv,post_processing/pnt_019/rad_profile_H02RTE.csv,post_processing/pnt_019/rad_profile_H02RE.csv,post_processing/pnt_019/plcp_H02S_bl_param.csv,post_processing/pnt_019/plcp_H02S_distributions.csv,post_processing/pnt_019/rad_profile_H02SI.csv,post_processing/pnt_019/rad_profile_H02SLE.csv,post_processing/pnt_019/rad_profile_H02STE.csv,post_processing/pnt_019/rad_profile_H02SE.csv,post_processing/pnt_019/plcp_H03R_bl_param.csv,post_processing/pnt_019/plcp_H03R_distributions.csv,post_processing/pnt_019/rad_profile_H03RI.csv,post_processing/pnt_019/rad_profile_H03RLE.csv,post_processing/pnt_019/rad_profile_H03RTE.csv,post_processing/pnt_019/rad_profile_H03RE.csv,post_processing/pnt_019/plcp_H03S_bl_param.csv,post_processing/pnt_019/plcp_H03S_distributions.csv,post_processing/pnt_019/rad_profile_H03SI.csv,post_processing/pnt_019/rad_profile_H03SLE.csv,post_processing/pnt_019/rad_profile_H03STE.csv,post_processing/pnt_019/rad_profile_H03SE.csv,post_processing/pnt_019/plcp_H04R_bl_param.csv,post_processing/pnt_019/plcp_H04R_distributions.csv,post_processing/pnt_019/rad_profile_H04RI.csv,post_processing/pnt_019/rad_profile_H04RLE.csv,post_processing/pnt_019/rad_profile_H04RTE.csv,post_processing/pnt_019/rad_profile_H04RE.csv,post_processing/pnt_019/plcp_H04S_bl_param.csv,post_processing/pnt_019/plcp_H04S_distributions.csv,post_processing/pnt_019/rad_profile_H04SI.csv,post_processing/pnt_019/rad_profile_H04SLE.csv,post_processing/pnt_019/rad_profile_H04STE.csv,post_processing/pnt_019/rad_profile_H04SE.csv,post_processing/pnt_019/plcp_H05S_bl_param.csv,post_processing/pnt_019/plcp_H05S_distributions.csv,post_processing/pnt_019/rad_profile_H05SI.csv,post_processing/pnt_019/rad_profile_H05SLE.csv,post_processing/pnt_019/rad_profile_H05STE.csv,post_processing/pnt_019/rad_profile_H05SE.csv
post_processing/pnt_020,100,1.033,1.033,speed 100.00 factor 1.033,120.257454,89.72802,4.906986,100,763.481689,120.971176,120.257301,100,31.362894,100,-0.153856,763.48175,post_processing/pnt_020/plcp_H01I_bl_param.csv,post_processing/pnt_020/plcp_H01I_distributions.csv,post_processing/pnt_020/rad_profile_H01II.csv,post_processing/pnt_020/rad_profile_H01ILE.csv,post_processing/pnt_020/rad_profile_H01ITE.csv,post_processing/pnt_020/rad_profile_H01IE.csv,post_processing/pnt_020/plcp_H01R_bl_param.csv,post_processing/pnt_020/plcp_H01R_distributions.csv,post_processing/pnt_020/rad_profile_H01RI.csv,post_processing/pnt_020/rad_profile_H01RLE.csv,post_processing/pnt_020/rad_profile_H01RTE.csv,post_processing/pnt_020/rad_profile_H01RE.csv,post_processing/pnt_020/plcp_H01S_bl_param.csv,post_processing/pnt_020/plcp_H01S_distributions.csv,post_processing/pnt_020/rad_profile_H01SI.csv,post_processing/pnt_020/rad_profile_H01SLE.csv,post_processing/pnt_020/rad_profile_H01STE.csv,post_processing/pnt_020/rad_profile_H01SE.csv,post_processing/pnt_020/plcp_H02R_bl_param.csv,post_processing/pnt_020/plcp_H02R_distributions.csv,post_processing/pnt_020/rad_profile_H02RI.csv,post_processing/pnt_020/rad_profile_H02RLE.csv,post_processing/pnt_020/rad_profile_H02RTE.csv,post_processing/pnt_020/rad_profile_H02RE.csv,post_processing/pnt_020/plcp_H02S_bl_param.csv,post_processing/pnt_020/plcp_H02S_distributions.csv,post_processing/pnt_020/rad_profile_H02SI.csv,post_processing/pnt_020/rad_profile_H02SLE.csv,post_processing/pnt_020/rad_profile_H02STE.csv,post_processing/pnt_020/rad_profile_H02SE.csv,post_processing/pnt_020/plcp_H03R_bl_param.csv,post_processing/pnt_020/plcp_H03R_distributions.csv,post_processing/pnt_020/rad_profile_H03RI.csv,post_processing/pnt_020/rad_profile_H03RLE.csv,post_processing/pnt_020/rad_profile_H03RTE.csv,post_processing/pnt_020/rad_profile_H03RE.csv,post_processing/pnt_020/plcp_H03S_bl_param.csv,post_processing/pnt_020/plcp_H03S_distributions.csv,post_processing/pnt_020/rad_profile_H03SI.csv,post_processing/pnt_020/rad_profile_H03SLE.csv,post_processing/pnt_020/rad_profile_H03STE.csv,post_processing/pnt_020/rad_profile_H03SE.csv,post_processing/pnt_020/plcp_H04R_bl_param.csv,post_processing/pnt_020/plcp_H04R_distributions.csv,post_processing/pnt_020/rad_profile_H04RI.csv,post_processing/pnt_020/rad_profile_H04RLE.csv,post_processing/pnt_020/rad_profile_H04RTE.csv,post_processing/pnt_020/rad_profile_H04RE.csv,post_processing/pnt_020/plcp_H04S_bl_param.csv,post_processing/pnt_020/plcp_H04S_distributions.csv,post_processing/pnt_020/rad_profile_H04SI.csv,post_processing/pnt_020/rad_profile_H04SLE.csv,post_processing/pnt_020/rad_profile_H04STE.csv,post_processing/pnt_020/rad_profile_H04SE.csv,post_processing/pnt_020/plcp_H05S_bl_param.csv,post_processing/pnt_020/plcp_H05S_distributions.csv,post_processing/pnt_020/rad_profile_H05SI.csv,post_processing/pnt_020/rad_profile_H05SLE.csv,post_processing/pnt_020/rad_profile_H05STE.csv,post_processing/pnt_020/rad_profile_H05SE.csv
post_processing/pnt_021,100,1.066,1.066,speed 100.00 factor 1.066,120.266884,89.286354,4.733979,100,763.481689,120.980751,120.266617,100,32.364174,100,-0.150296,763.481689,post_processing/pnt_021/plcp_H01I_bl_param.csv,post_processing/pnt_021/plcp_H01I_distributions.csv,post_processing/pnt_021/rad_profile_H01II.csv,post_processing/pnt_021/rad_profile_H01ILE.csv,post_processing/pnt_021/rad_profile_H01ITE.csv,post_processing/pnt_021/rad_profile_H01IE.csv,post_processing/pnt_021/plcp_H01R_bl_param.csv,post_processing/pnt_021/plcp_H01R_distributions.csv,post_processing/pnt_021/rad_profile_H01RI.csv,post_processing/pnt_021/rad_profile_H01RLE.csv,post_processing/pnt_021/rad_profile_H01RTE.csv,post_processing/pnt_021/rad_profile_H01RE.csv,post_processing/pnt_021/plcp_H01S_bl_param.csv,post_processing/pnt_021/plcp_H01S_distributions.csv,post_processing/pnt_021/rad_profile_H01SI.csv,post_processing/pnt_021/rad_profile_H01SLE.csv,post_processing/pnt_021/rad_profile_H01STE.csv,post_processing/pnt_021/rad_profile_H01SE.csv,post_processing/pnt_021/plcp_H02R_bl_param.csv,post_processing/pnt_021/plcp_H02R_distributions.csv,post_processing/pnt_021/rad_profile_H02RI.csv,post_processing/pnt_021/rad_profile_H02RLE.csv,post_processing/pnt_021/rad_profile_H02RTE.csv,post_processing/pnt_021/rad_profile_H02RE.csv,post_processing/pnt_021/plcp_H02S_bl_param.csv,post_processing/pnt_021/plcp_H02S_distributions.csv,post_processing/pnt_021/rad_profile_H02SI.csv,post_processing/pnt_021/rad_profile_H02SLE.csv,post_processing/pnt_021/rad_profile_H02STE.csv,post_processing/pnt_021/rad_profile_H02SE.csv,post_processing/pnt_021/plcp_H03R_bl_param.csv,post_processing/pnt_021/plcp_H03R_distributions.csv,post_processing/pnt_021/rad_profile_H03RI.csv,post_processing/pnt_021/rad_profile_H03RLE.csv,post_processing/pnt_021/rad_profile_H03RTE.csv,post_processing/pnt_021/rad_profile_H03RE.csv,post_processing/pnt_021/plcp_H03S_bl_param.csv,post_processing/pnt_021/plcp_H03S_distributions.csv,post_processing/pnt_021/rad_profile_H03SI.csv,post_processing/pnt_021/rad_profile_H03SLE.csv,post_processing/pnt_021/rad_profile_H03STE.csv,post_processing/pnt_021/rad_profile_H03SE.csv,post_processing/pnt_021/plcp_H04R_bl_param.csv,post_processing/pnt_021/plcp_H04R_distributions.csv,post_processing/pnt_021/rad_profile_H04RI.csv,post_processing/pnt_021/rad_profile_H04RLE.csv,post_processing/pnt_021/rad_profile_H04RTE.csv,post_processing/pnt_021/rad_profile_H04RE.csv,post_processing/pnt_021/plcp_H04S_bl_param.csv,post_processing/pnt_021/plcp_H04S_distributions.csv,post_processing/pnt_021/rad_profile_H04SI.csv,post_processing/pnt_021/rad_profile_H04SLE.csv,post_processing/pnt_021/rad_profile_H04STE.csv,post_processing/pnt_021/rad_profile_H04SE.csv,post_processing/pnt_021/plcp_H05S_bl_param.csv,post_processing/pnt_021/plcp_H05S_distributions.csv,post_processing/pnt_021/rad_profile_H05SI.csv,post_processing/pnt_021/rad_profile_H05SLE.csv,post_processing/pnt_021/rad_profile_H05STE.csv,post_processing/pnt_021/rad_profile_H05SE.csv
post_processing/pnt_022,100,1.1,1.1,speed 100.00 factor 1.100,120.27034,88.680634,4.568806,100,763.481812,120.984299,120.270035,100,33.395672,100,-0.147062,763.481689,post_processing/pnt_022/plcp_H01I_bl_param.csv,post_processing/pnt_022/plcp_H01I_distributions.csv,post_processing/pnt_022/rad_profile_H01II.csv,post_processing/pnt_022/rad_profile_H01ILE.csv,post_processing/pnt_022/rad_profile_H01ITE.csv,post_processing/pnt_022/rad_profile_H01IE.csv,post_processing/pnt_022/plcp_H01R_bl_param.csv,post_processing/pnt_022/plcp_H01R_distributions.csv,post_processing/pnt_022/rad_profile_H01RI.csv,post_processing/pnt_022/rad_profile_H01RLE.csv,post_processing/pnt_022/rad_profile_H01RTE.csv,post_processing/pnt_022/rad_profile_H01RE.csv,post_processing/pnt_022/plcp_H01S_bl_param.csv,post_processing/pnt_022/plcp_H01S_distributions.csv,post_processing/pnt_022/rad_profile_H01SI.csv,post_processing/pnt_022/rad_profile_H01SLE.csv,post_processing/pnt_022/rad_profile_H01STE.csv,post_processing/pnt_022/rad_profile_H01SE.csv,post_processing/pnt_022/plcp_H02R_bl_param.csv,post_processing/pnt_022/plcp_H02R_distributions.csv,post_processing/pnt_022/rad_profile_H02RI.csv,post_processing/pnt_022/rad_profile_H02RLE.csv,post_processing/pnt_022/rad_profile_H02RTE.csv,post_processing/pnt_022/rad_profile_H02RE.csv,post_processing/pnt_022/plcp_H02S_bl_param.csv,post_processing/pnt_022/plcp_H02S_distributions.csv,post_processing/pnt_022/rad_profile_H02SI.csv,post_processing/pnt_022/rad_profile_H02SLE.csv,post_processing/pnt_022/rad_profile_H02STE.csv,post_processing/pnt_022/rad_profile_H02SE.csv,post_processing/pnt_022/plcp_H03R_bl_param.csv,post_processing/pnt_022/plcp_H03R_distributions.csv,post_processing/pnt_022/rad_profile_H03RI.csv,post_processing/pnt_022/rad_profile_H03RLE.csv,post_processing/pnt_022/rad_profile_H03RTE.csv,post_processing/pnt_022/rad_profile_H03RE.csv,post_processing/pnt_022/plcp_H03S_bl_param.csv,post_processing/pnt_022/plcp_H03S_distributions.csv,post_processing/pnt_022/rad_profile_H03SI.csv,post_processing/pnt_022/rad_profile_H03SLE.csv,post_processing/pnt_022/rad_profile_H03STE.csv,post_processing/pnt_022/rad_profile_H03SE.csv,post_processing/pnt_022/plcp_H04R_bl_param.csv,post_processing/pnt_022/plcp_H04R_distributions.csv,post_processing/pnt_022/rad_profile_H04RI.csv,post_processing/pnt_022/rad_profile_H04RLE.csv,post_processing/pnt_022/rad_profile_H04RTE.csv,post_processing/pnt_022/rad_profile_H04RE.csv,post_processing/pnt_022/plcp_H04S_bl_param.csv,post_processing/pnt_022/plcp_H04S_distributions.csv,post_processing/pnt_022/rad_profile_H04SI.csv,post_processing/pnt_022/rad_profile_H04SLE.csv,post_processing/pnt_022/rad_profile_H04STE.csv,post_processing/pnt_022/rad_profile_H04SE.csv,post_processing/pnt_022/plcp_H05S_bl_param.csv,post_processing/pnt_022/plcp_H05S_distributions.csv,post_processing/pnt_022/rad_profile_H05SI.csv,post_processing/pnt_022/rad_profile_H05SLE.csv,post_processing/pnt_022/rad_profile_H05STE.csv,post_processing/pnt_022/rad_profile_H05SE.csv
